<?xml version="1.0" encoding="UTF-8"?>
<!-- Generated by eXe - http://exelearning.net -->
<manifest identifier="eXeona_y_arte65f96cbc28b7b492341" xmlns="http://www.imsproject.org/xsd/imscp_rootv1p1p2" xmlns:adlcp="http://www.adlnet.org/xsd/adlcp_rootv1p2" xmlns:imsmd="http://www.imsglobal.org/xsd/imsmd_v1p2" xmlns:xsi="http://www.w3.org/2001/XMLSchema-instance" xsi:schemaLocation="http://www.imsproject.org/xsd/imscp_rootv1p1p2 imscp_rootv1p1p2.xsd http://www.imsglobal.org/xsd/imsmd_rootv1p2p1 imsmd_rootv1p2p1.xsd http://www.adlnet.org/xsd/adlcp_rootv1p2 adlcp_rootv1p2.xsd" > 
<metadata> 
 <schema>ADL SCORM</schema> 
 <schemaversion>1.2</schemaversion> 
 <adlcp:location>imslrm.xml</adlcp:location> 
</metadata> 
<organizations default="eXeona_y_arte65f96cbc28b7b492342">  
    <organization identifier="eXeona_y_arte65f96cbc28b7b492342" structure="hierarchical">
        <title>LA TEOGONÍA DE HESÍODO</title>
<item identifier="ITEM-eXeona_y_arte65f96cbc28b7b492343" isvisible="true" identifierref="RES-eXeona_y_arte65f96cbc28b7b492344">
    <title>La Teogonía de Hesíodo</title>
<item identifier="ITEM-eXeona_y_arte65f96cbc28b7b492345" isvisible="true" identifierref="RES-eXeona_y_arte65f96cbc28b7b492346">
    <title>Guía didáctica</title>
</item>
<item identifier="ITEM-eXeona_y_arte65f96cbc28b7b492367" isvisible="true" identifierref="RES-eXeona_y_arte65f96cbc28b7b492368">
    <title>INTRODUCCIÓN AL PROYECTO</title>
<item identifier="ITEM-eXeona_y_arte65f96cbc28b7b4923e9" isvisible="true" identifierref="RES-eXeona_y_arte65f96cbc28b7b4923ea">
    <title>Recursos</title>
</item>
<item identifier="ITEM-eXeona_y_arte65f96cbc28b7b4923eb" isvisible="true" identifierref="RES-eXeona_y_arte65f96cbc28b7b4923ec">
    <title>Línea temporal</title>
</item>
<item identifier="ITEM-eXeona_y_arte65f96cbc28b7b49240d" isvisible="true" identifierref="RES-eXeona_y_arte65f96cbc28b7b49240e">
    <title>Evaluación del proyecto</title>
</item>
<item identifier="ITEM-eXeona_y_arte65f96cbc28b7b49240f" isvisible="true" identifierref="RES-eXeona_y_arte65f96cbc28b7b4924010">
    <title>Créditos</title>
</item>
<item identifier="ITEM-eXeona_y_arte65f96cbc28b7b4924111" isvisible="true" identifierref="RES-eXeona_y_arte65f96cbc28b7b4924112">
    <title>Sección</title>
</item>
</item>
</item>
  </organization>
</organizations>
<resources>
  <resource identifier="RES-eXeona_y_arte65f96cbc28b7b492344" type="webcontent" adlcp:scormtype="sco" href="index.html"> 
    <file href="index.html"/> 
    <file href="exe_html5.js"/>
    <dependency identifierref="COMMON_FILES"/>
  </resource>
  <resource identifier="RES-eXeona_y_arte65f96cbc28b7b492346" type="webcontent" adlcp:scormtype="sco" href="gua_didctica.html"> 
    <file href="gua_didctica.html"/> 
    <file href="exe_html5.js"/>
    <file href="constellations-2609647_1280.jpg"/>
    <dependency identifierref="COMMON_FILES"/>
  </resource>
  <resource identifier="RES-eXeona_y_arte65f96cbc28b7b492368" type="webcontent" adlcp:scormtype="sco" href="introduccin_al_proyecto.html"> 
    <file href="introduccin_al_proyecto.html"/> 
    <file href="exe_html5.js"/>
    <file href="constelaciones.jpg"/>
    <dependency identifierref="COMMON_FILES"/>
  </resource>
  <resource identifier="RES-eXeona_y_arte65f96cbc28b7b4923ea" type="webcontent" adlcp:scormtype="sco" href="recursos.html"> 
    <file href="recursos.html"/> 
    <file href="exe_html5.js"/>
    <file href="La_teogonia-Hesiodo-lg.png"/>
    <dependency identifierref="COMMON_FILES"/>
  </resource>
  <resource identifier="RES-eXeona_y_arte65f96cbc28b7b4923ec" type="webcontent" adlcp:scormtype="sco" href="lnea_temporal.html"> 
    <file href="lnea_temporal.html"/> 
    <file href="exe_html5.js"/>
    <file href="la-asamblea-de-los-dioses.jpg"/>
    <dependency identifierref="COMMON_FILES"/>
  </resource>
  <resource identifier="RES-eXeona_y_arte65f96cbc28b7b49240e" type="webcontent" adlcp:scormtype="sco" href="evaluacin_del_proyecto.html"> 
    <file href="evaluacin_del_proyecto.html"/> 
    <file href="exe_html5.js"/>
    <file href="images_EVALUACION.jpg"/>
    <dependency identifierref="COMMON_FILES"/>
  </resource>
  <resource identifier="RES-eXeona_y_arte65f96cbc28b7b4924010" type="webcontent" adlcp:scormtype="sco" href="crditos.html"> 
    <file href="crditos.html"/> 
    <file href="exe_html5.js"/>
    <dependency identifierref="COMMON_FILES"/>
  </resource>
  <resource identifier="RES-eXeona_y_arte65f96cbc28b7b4924112" type="webcontent" adlcp:scormtype="sco" href="seccin.html"> 
    <file href="seccin.html"/> 
    <file href="exe_html5.js"/>
    <file href="Teogona_y_arte.elp"/>
    <file href="download-package-licenses.png"/>
    <file href="download-package.css"/>
    <dependency identifierref="COMMON_FILES"/>
  </resource>
  <resource identifier="COMMON_FILES" type="webcontent" adlcp:scormtype="asset">
    <file href="config.xml"/>
    <file href="content.css"/>
    <file href="EncodeSans-Light_latin-ext.woff2"/>
    <file href="EncodeSans-Light_latin.woff2"/>
    <file href="EncodeSans-Light_vietnamese.woff2"/>
    <file href="icon_atom.png"/>
    <file href="icon_award.png"/>
    <file href="icon_beach.png"/>
    <file href="icon_bulb.png"/>
    <file href="icon_camera.png"/>
    <file href="icon_classroom.png"/>
    <file href="icon_compass.png"/>
    <file href="icon_edia.png"/>
    <file href="icon_etwinning.png"/>
    <file href="icon_exe.png"/>
    <file href="icon_footprints.png"/>
    <file href="icon_free_license.png"/>
    <file href="icon_gears.png"/>
    <file href="icon_knowledge.png"/>
    <file href="icon_list.png"/>
    <file href="icon_microphone.png"/>
    <file href="icon_network.png"/>
    <file href="icon_plus.png"/>
    <file href="icon_presentation.png"/>
    <file href="icon_puzzle.png"/>
    <file href="icon_share.png"/>
    <file href="icon_stars.png"/>
    <file href="icon_talk.png"/>
    <file href="icon_teacher_screen.png"/>
    <file href="icon_telescope.png"/>
    <file href="icon_think.png"/>
    <file href="icon_tree.png"/>
    <file href="icon_write.png"/>
    <file href="nav.css"/>
    <file href="_intef_bg.png"/>
    <file href="_intef_footer.png"/>
    <file href="_intef_header.png"/>
    <file href="_intef_icons.png"/>
    <file href="_intef_js.js"/>
    <file href="_intef_left_column.gif"/>
    <file href="_intef_licenses.gif"/>
    <file href="_intef_menu.gif"/>
    <file href="_intef_print.png"/>
    <file href="_intef_title_bg.png"/>
    <file href="base.css"/>
    <file href="popup_bg.gif"/>
    <file href="exe_powered_logo.png"/>
    <file href="SCORM_API_wrapper.js"/>
    <file href="SCOFunctions.js"/>
    <file href="common.js"/>
    <file href="common_i18n.js"/>
    <file href="exe_jquery.js"/>
    <file href="content.xsd"/>
    <file href="content.data"/>
    <file href="contentv3.xml"/>
    <file href="imslrm.xml"/>
  </resource>
</resources>
</manifest>
